{"cameraMode":{"drawMode":0,"name":"Shaded","section":"Shading Mode"},"sceneLighting":false,"audioPlay":false,"sceneViewState":{"m_AlwaysRefresh":false,"showFog":true,"showSkybox":false,"showFlares":true,"showImageEffects":true,"showParticleSystems":true,"showVisualEffectGraphs":true,"m_FxEnabled":true},"in2DMode":false,"pivot":{"x":0.4021984338760376,"y":0.6617199182510376,"z":0.3130378723144531},"rotation":{"x":-0.128207728266716,"y":-0.10630205273628235,"z":0.013823352754116059,"w":-0.9859421253204346},"size":2.7824087142944338,"orthographic":false}