{"cameraMode":{"drawMode":0,"name":"Shaded","section":"Shading Mode"},"sceneLighting":true,"audioPlay":false,"sceneViewState":{"m_AlwaysRefresh":false,"showFog":true,"showSkybox":true,"showFlares":true,"showImageEffects":true,"showParticleSystems":true,"showVisualEffectGraphs":true,"m_FxEnabled":true},"in2DMode":false,"pivot":{"x":130.18531799316407,"y":-24.379165649414064,"z":140.12985229492188},"rotation":{"x":0.05167635530233383,"y":-0.8355844020843506,"z":0.5412641167640686,"w":0.07968094199895859},"size":22.218494415283204,"orthographic":false}