{"cameraMode":{"drawMode":0,"name":"Shaded","section":"Shading Mode"},"sceneLighting":false,"audioPlay":false,"sceneViewState":{"m_AlwaysRefresh":false,"showFog":true,"showSkybox":false,"showFlares":true,"showImageEffects":true,"showParticleSystems":true,"showVisualEffectGraphs":true,"m_FxEnabled":true},"in2DMode":false,"pivot":{"x":0.0018879175186157227,"y":0.1951577365398407,"z":0.0016874819993972779},"rotation":{"x":-0.1806480586528778,"y":0.7154647707939148,"z":-0.20056065917015077,"w":-0.6444145441055298},"size":1.0034525394439698,"orthographic":false}